corrida;pasajeros;tiempo_total;hipervolumen_corrida
0;321;764.5981954386964;403123.7807868552
0;345;773.2096537720297;403123.7807868552
0;354;823.7146537720298;403123.7807868552
0;360;828.2296537720298;403123.7807868552
0;375;830.2631867098366;403123.7807868552
0;386;832.9231867098366;403123.7807868552
0;391;859.274673696601;403123.7807868552
0;402;861.934673696601;403123.7807868552
0;406;914.329673696601;403123.7807868552
0;417;915.624673696601;403123.7807868552
0;433;926.9541291084546;403123.7807868552
0;439;969.9971736966011;403123.7807868552
0;449;1012.6889930112459;403123.7807868552
0;460;1019.6977430112458;403123.7807868552
0;472;1028.0545115297643;403123.7807868552
0;479;1051.5017741196687;403123.7807868552
0;488;1079.7169096779126;403123.7807868552
0;490;1107.9305241196687;403123.7807868552
0;500;1126.057607453002;403123.7807868552
0;512;1135.0320115297643;403123.7807868552
0;518;1171.4431596779125;403123.7807868552
0;521;1199.0581596779125;403123.7807868552
0;527;1212.7905241196688;403123.7807868552
0;530;1286.6749481968777;403123.7807868552
0;535;1293.6863831078642;403123.7807868552
0;538;1318.820107453002;403123.7807868552
0;550;1333.7840192887509;403123.7807868552
0;557;1408.2329013550277;403123.7807868552
0;569;1422.0141513550277;403123.7807868552
0;573;1479.6381513550277;403123.7807868552
0;574;1512.151656530211;403123.7807868552
0;582;1551.5001513550276;403123.7807868552
0;591;1577.545589482118;403123.7807868552
0;595;1635.169589482118;403123.7807868552
0;596;1668.5435478154513;403123.7807868552
0;602;1734.0776513550277;403123.7807868552
0;611;1740.295589482118;403123.7807868552
0;615;1783.097089482118;403123.7807868552
0;624;1854.959089482118;403123.7807868552
0;633;1896.119089482118;403123.7807868552
0;638;2091.1828394821177;403123.7807868552
0;653;2201.564089482118;403123.7807868552
1;365;801.6841308890813;398037.45345558366
1;373;828.978297555748;398037.45345558366
1;376;852.212515212252;398037.45345558366
1;393;872.9674642224147;398037.45345558366
1;406;891.0042013445792;398037.45345558366
1;410;911.3946450431699;398037.45345558366
1;426;922.6740657863354;398037.45345558366
1;434;948.1271180112459;398037.45345558366
1;438;966.5203157863355;398037.45345558366
1;448;977.8223991196687;398037.45345558366
1;454;993.9573991196688;398037.45345558366
1;466;1024.8550609554175;398037.45345558366
1;479;1051.5017741196687;398037.45345558366
1;480;1093.0525426381873;398037.45345558366
1;483;1103.6823991196688;398037.45345558366
1;492;1126.5046676381871;398037.45345558366
1;498;1128.9512324530021;398037.45345558366
1;512;1132.1476074530021;398037.45345558366
1;518;1170.498857453002;398037.45345558366
1;519;1232.8540204964804;398037.45345558366
1;527;1236.0040204964803;398037.45345558366
1;535;1250.508857453002;398037.45345558366
1;542;1310.651602730644;398037.45345558366
1;550;1339.426357453002;398037.45345558366
1;557;1408.2085089456318;398037.45345558366
1;569;1420.3661981968776;398037.45345558366
1;572;1426.3593173192228;398037.45345558366
1;585;1555.9014660063358;398037.45345558366
1;591;1578.0658496895076;398037.45345558366
1;592;1693.3622549410552;398037.45345558366
1;604;1707.031589482118;398037.45345558366
1;606;1780.6477695038755;398037.45345558366
1;614;1782.4834423192228;398037.45345558366
1;615;1849.5777549410552;398037.45345558366
1;621;1950.7137549410552;398037.45345558366
1;633;1962.5997549410552;398037.45345558366
1;645;2189.9830996895075;398037.45345558366
2;289;698.9765966437245;403775.6882155837
2;296;717.7785287478251;403775.6882155837
2;326;745.2510457751212;403775.6882155837
2;327;756.7999776220842;403775.6882155837
2;340;781.8588620811585;403775.6882155837
2;356;789.1248620811584;403775.6882155837
2;364;800.5270948630977;403775.6882155837
2;387;826.9636491196687;403775.6882155837
2;395;855.3019824530021;403775.6882155837
2;424;889.8192741196688;403775.6882155837
2;428;924.6194824530021;403775.6882155837
2;441;953.9876442887509;403775.6882155837
2;457;971.0827430112458;403775.6882155837
2;467;1024.4642741196687;403775.6882155837
2;469;1065.2676046598488;403775.6882155837
2;482;1073.452607453002;403775.6882155837
2;492;1092.0432957751214;403775.6882155837
2;500;1112.9092741196687;403775.6882155837
2;512;1134.6216890923515;403775.6882155837
2;517;1201.622607453002;403775.6882155837
2;535;1251.0631365297643;403775.6882155837
2;542;1304.1179390923514;403775.6882155837
2;551;1388.6344584372112;403775.6882155837
2;554;1393.462197351429;403775.6882155837
2;560;1424.122197351429;403775.6882155837
2;572;1437.903447351429;403775.6882155837
2;574;1526.7357084372113;403775.6882155837
2;577;1555.2992806847622;403775.6882155837
2;579;1588.2548180216943;403775.6882155837
2;583;1610.0885894821179;403775.6882155837
2;591;1626.2885768783772;403775.6882155837
2;592;1626.5884473514288;403775.6882155837
2;595;1718.457339482118;403775.6882155837
2;596;1721.1175417705444;403775.6882155837
2;611;1734.4394048424865;403775.6882155837
2;615;1791.8949587811474;403775.6882155837
2;617;1873.618379941055;403775.6882155837
2;633;1896.7379048424864;403775.6882155837
2;645;2189.8607087811474;403775.6882155837
2;653;2202.303208781147;403775.6882155837
3;321;732.6328615390546;403548.45170846104
3;329;736.5944367098366;403548.45170846104
3;343;772.8136033765032;403548.45170846104
3;345;773.3956136513331;403548.45170846104
3;358;789.4897897751256;403548.45170846104
3;367;802.3148991196688;403548.45170846104
3;387;826.9636491196687;403548.45170846104
3;395;855.8488574530021;403548.45170846104
3;411;866.2073991196687;403548.45170846104
3;420;907.6094824530021;403548.45170846104
3;428;927.6958680112459;403548.45170846104
3;441;950.690107453002;403548.45170846104
3;448;970.7276074530021;403548.45170846104
3;461;994.6792741196688;403548.45170846104
3;463;1026.0502430112458;403548.45170846104
3;466;1043.3380241196687;403548.45170846104
3;476;1050.0019096779126;403548.45170846104
3;482;1084.2861596779126;403548.45170846104
3;488;1111.9551180112458;403548.45170846104
3;496;1118.2169096779126;403548.45170846104
3;504;1132.0567846779124;403548.45170846104
3;512;1175.9873263445793;403548.45170846104
3;519;1210.2581596779125;403548.45170846104
3;527;1230.3896907863354;403548.45170846104
3;535;1254.0230346779124;403548.45170846104
3;539;1311.6470346779124;403548.45170846104
3;543;1366.3648254883628;403548.45170846104
3;548;1387.0145076730025;403548.45170846104
3;549;1390.5451756122984;403548.45170846104
3;572;1437.5256588216962;403548.45170846104
3;576;1507.8485076730026;403548.45170846104
3;577;1573.9499587811474;403548.45170846104
3;591;1585.3084465025645;403548.45170846104
3;595;1693.567803185334;403548.45170846104
3;599;1716.289575488363;403548.45170846104
3;611;1732.4484465025644;403548.45170846104
3;614;1783.0424504883629;403548.45170846104
3;618;1888.2051107860573;403548.45170846104
3;633;1929.4411671144805;403548.45170846104
3;638;2112.9806965025646;403548.45170846104
3;645;2193.5550715025643;403548.45170846104
3;653;2222.790863169231;403548.45170846104
4;289;716.5708791084545;397655.4582340343
4;305;749.0272697597559;397655.4582340343
4;315;769.5268956569179;397655.4582340343
4;343;802.0036033765033;397655.4582340343
4;365;808.5844364264226;397655.4582340343
4;381;843.6659407863353;397655.4582340343
4;402;860.2823530930892;397655.4582340343
4;417;914.9873530930893;397655.4582340343
4;434;962.7651074530021;397655.4582340343
4;445;970.0392741196687;397655.4582340343
4;457;970.465107453002;397655.4582340343
4;463;993.3551074530021;397655.4582340343
4;466;1043.912607453002;397655.4582340343
4;470;1070.2326074530022;397655.4582340343
4;482;1073.452607453002;397655.4582340343
4;493;1119.670107453002;397655.4582340343
4;497;1177.294107453002;397655.4582340343
4;509;1200.082607453002;397655.4582340343
4;521;1210.1085041084546;397655.4582340343
4;527;1221.9341291084545;397655.4582340343
4;534;1307.2452961190572;397655.4582340343
4;547;1357.145107453002;397655.4582340343
4;549;1407.5560417705447;397655.4582340343
4;557;1434.9777961190573;397655.4582340343
4;558;1442.3228534484253;397655.4582340343
4;564;1495.6765461190573;397655.4582340343
4;572;1498.8265461190572;397655.4582340343
4;573;1536.1164367817587;397655.4582340343
4;577;1575.321962785724;397655.4582340343
4;592;1611.2597345248544;397655.4582340343
4;593;1675.6731034484253;397655.4582340343
4;603;1722.7734587811474;397655.4582340343
4;611;1760.5734587811473;397655.4582340343
4;615;1818.1974587811474;397655.4582340343
4;618;1833.5082087811472;397655.4582340343
4;633;1896.5694587811472;397655.4582340343
4;636;2087.639089482118;397655.4582340343
4;638;2126.283208781147;397655.4582340343
4;645;2187.314458781147;397655.4582340343
4;653;2202.0144587811474;397655.4582340343
